City,Latitude,Longitude,Hotels,Places_to_visit
Aamby Valley City,18.5726,73.4049,hotels/1.json,
Abhaneri,27.0056,76.6102,hotels/2.json,
Achooranam,11.5934,76.0131,hotels/3.json,
Acharapakkam,12.4077,79.817,hotels/4.json,
Achrol,27.133,75.9567,hotels/5.json,
Adilabad,19.6766,78.5321,hotels/6.json,
Adimaly,10.0115,76.9528,hotels/7.json,
Adipur,23.0732,70.0881,hotels/8.json,
Adoni,15.6319,77.2759,hotels/9.json,
Adoor,9.153,76.7356,hotels/10.json,
Agartala,23.8315,91.2868,hotels/11.json,
Agatti,10.8576,72.1934,hotels/12.json,
Goa,15.2993,74.124,hotels/13.json,
Agra,27.1767,78.0081,hotels/14.json,
Agumbe,13.5027,75.0903,hotels/15.json,
Etmadpur,27.2333,78.1992,hotels/16.json,
Ahmedabad,23.0225,72.5714,hotels/17.json,
Kalol,23.2418,72.493,hotels/18.json,
Ahmednagar,19.0948,74.748,hotels/19.json,
Aizawl,23.7307,92.7173,hotels/20.json,
Ahwa,20.7606,73.6912,hotels/21.json,
Ajanta,20.5513,75.7069,hotels/22.json,
Ajmer,26.4499,74.6399,hotels/23.json,
Pushkar,26.4886,74.5509,hotels/24.json,
Nimbahera,24.624,74.6893,hotels/25.json,
Kolkata,22.5726,88.3639,hotels/26.json,
Akluj,17.8824,75.0205,hotels/27.json,
Alampur,15.8843,78.1194,hotels/28.json,
Akola,20.7002,77.0082,hotels/29.json,
Alandi,18.6783,73.895,hotels/30.json,
Alappuzha,9.4981,76.3388,hotels/31.json,
Kainakary,9.515,76.3927,hotels/32.json,
Pulinkunnu,9.4573,76.4349,hotels/33.json,
Alchi,34.225,77.1708,hotels/34.json,
Alibaug,18.6584,72.8773,hotels/35.json,
Aligarh,27.8974,78.088,hotels/36.json,
Alipurduar,26.4922,89.532,hotels/37.json,
Prayagraj,25.4358,81.8463,hotels/38.json,
Alirajpur,22.306,74.3558,hotels/39.json,
Almora,29.5892,79.6467,hotels/40.json,
Alwar,27.553,76.6346,hotels/41.json,
Amalapuram,16.5775,82.0031,hotels/42.json,
Amaravathi,16.5131,80.5165,hotels/43.json,
Amarkantak,22.6822,81.7532,hotels/44.json,
Ambaji,24.331,72.8517,hotels/45.json,
Ambajogai,18.7271,76.3811,hotels/46.json,
Ambala,30.3752,76.7821,hotels/47.json,
Ambalappuzha,9.3787,76.3628,hotels/48.json,
Ambarnath,19.1825,73.1926,hotels/49.json,
Ambikapur,23.1294,83.1861,hotels/50.json,
Amravati,16.5131,80.5165,hotels/51.json,
Ambur,12.7802,78.7177,hotels/52.json,
Amboli,15.9647,74.0036,hotels/53.json,
Amritsar,31.634,74.8723,hotels/54.json,
Amreli,21.6015,71.2204,hotels/55.json,
Anandpur Sahib,31.2355,76.5013,hotels/56.json,
Anakulam,10.1592,76.9139,hotels/57.json,
Anand,22.5645,72.9289,hotels/58.json,
Vallabh Vidyanagar,22.5459,72.9294,hotels/59.json,
Anantapur,14.6819,77.6006,hotels/60.json,
Anantnag,33.7311,75.1487,hotels/61.json,
Anaviratty,10.0172,76.9917,hotels/62.json,
Andhakaranazhy,9.7081,76.4107,hotels/63.json,
Andanallur,10.8736,78.5981,hotels/64.json,
Angul,20.8444,85.1511,hotels/65.json,
Anchal,8.93,76.9065,hotels/66.json,
Andretta,32.0401,76.5676,hotels/67.json,
Anjarle,17.8568,73.0966,hotels/68.json,
Anjanvel,17.5537,73.1674,hotels/69.json,
Anjar,23.1167,70.0281,hotels/70.json,
Annavaram,17.2789,82.4013,hotels/71.json,
Ankleshwar,21.6264,73.0152,hotels/72.json,
Ankola,14.6653,74.3001,hotels/73.json,
Antarvedi,16.3227,81.7303,hotels/74.json,
Araku Valley,18.3222,82.8802,hotels/75.json,
Aragonda,13.2813,78.9564,hotels/76.json,
Arakkonam,13.0841,79.6704,hotels/77.json,
Aritar,27.1879,88.6748,hotels/78.json,
Arayankavu,9.8332,76.423,hotels/79.json,
Ariyurnadu,11.2896,78.3899,hotels/80.json,
Ariyankuppam,11.8958,79.8046,hotels/81.json,
Aronda,15.7356,73.7176,hotels/82.json,
Arki,31.1521,76.9686,hotels/83.json,
Asansol,23.6889,86.9661,hotels/84.json,
Athirappilly,10.2908,76.5156,hotels/85.json,
Astakatti,15.094,75.0524,hotels/86.json,
Athipotta,10.6698,76.4823,hotels/87.json,
Auli,30.5289,79.5703,hotels/88.json,
Attingal,8.6982,76.8137,hotels/89.json,
Joshimath,30.5561,79.5617,hotels/90.json,
Aurangabad,19.8762,75.3433,hotels/91.json,
Auroville,12.0052,79.8069,hotels/92.json,
Ausa,18.2505,76.4997,hotels/93.json,
Awantipora,33.9218,75.0139,hotels/94.json,
Avakali,17.9327,73.7037,hotels/95.json,
Ayodhya,26.7922,82.1998,hotels/96.json,
Aversa,20.5937,78.9629,hotels/97.json,
Ayyampuzha,10.2279,76.6182,hotels/98.json,
Azheekal,9.1213,76.4722,hotels/99.json,
Baba Bakala,31.5601,75.2625,hotels/100.json,
Azhikode,11.9171,75.3354,hotels/101.json,
Azamgarh,26.0739,83.1859,hotels/102.json,
Badami,15.9186,75.6761,hotels/103.json,
Badgam,33.9349,74.64,hotels/104.json,
Badlapur,19.1668,73.2368,hotels/105.json,
Badrinath,30.7433,79.4938,hotels/106.json,
Bagalkot,16.1691,75.6615,hotels/107.json,
Bagdogra,26.6986,88.3117,hotels/108.json,
Bageshwar,29.8404,79.7694,hotels/109.json,
Baghpat,28.9428,77.2276,hotels/110.json,
Bagru,26.8078,75.5402,hotels/111.json,
Bahraich,27.5705,81.5977,hotels/112.json,
Bahadurgarh,28.6914,76.9314,hotels/113.json,
Baijnath,32.0521,76.6493,hotels/114.json,
Bajarwadi,18.0945,73.8316,hotels/115.json,
Keori,32.0559,76.7019,hotels/116.json,
Bakkhali,21.5631,88.2595,hotels/117.json,
Bajaura,31.8465,77.1605,hotels/118.json,
Balasinor,22.9532,73.3326,hotels/119.json,
Balangir,20.7011,83.4846,hotels/120.json,
Balasore,21.4934,86.9135,hotels/121.json,
Balgudar,25.1993,86.0759,hotels/122.json,
Balicha,24.3443,74.2326,hotels/123.json,
Balurghat,25.2373,88.7831,hotels/124.json,
Balotra,25.8302,72.2456,hotels/125.json,
Banavasi,14.5333,75.0158,hotels/126.json,
Bandhavgarh National Park,23.688704,81.028676,hotels/127.json,
Tala,18.4388,73.1261,hotels/128.json,
Bandipur National Park,11.7788,76.4647,hotels/129.json,
Bandipur,11.6677,76.6326,hotels/130.json,
Bangaram,10.9417,72.2881,hotels/131.json,
Baneshwar,18.2556,73.8741,hotels/132.json,
Banjar,-7.3707,108.5342,hotels/133.json,
Bankura,23.2313,87.0784,hotels/134.json,
Bannari,11.5511,77.1392,hotels/135.json,
Banswara,23.5461,74.435,hotels/136.json,
Banni,25.4757,86.6057,hotels/137.json,
Bantwal,12.9012,75.0412,hotels/138.json,
Bapatla,15.9039,80.4671,hotels/139.json,
Baramati,18.1792,74.6078,hotels/140.json,
Barabanki,26.9268,81.1834,hotels/141.json,
Baramulla,34.199,74.3499,hotels/142.json,
Baran,25.1013,76.5119,hotels/143.json,
Barasat,22.7248,88.4789,hotels/144.json,
Baratang Island,12.2114,92.8112,hotels/145.json,
Barddhaman,23.2324,87.8615,hotels/146.json,
Bareilly,28.367,79.4304,hotels/147.json,
Bardoli,21.1255,73.1122,hotels/148.json,
Bargarh,21.347,83.632,hotels/149.json,
Baripada,21.932,86.7466,hotels/150.json,
Barmer,25.7521,71.3967,hotels/151.json,
Barog,30.8883,77.0766,hotels/152.json,
Barpeta,26.3304,91.0041,hotels/153.json,
Barrackpur,22.7661,88.3516,hotels/154.json,
Barua Sagar,25.3748,78.732,hotels/155.json,
Bastar,19.1071,81.9535,hotels/156.json,
Barwani,22.0363,74.9033,hotels/157.json,
Barshi,18.2334,75.6941,hotels/158.json,
Bassi,30.5887,76.8471,hotels/159.json,
Basti,26.814,82.763,hotels/160.json,
Bathinda,30.211,74.9455,hotels/161.json,
Batala,31.8195,75.2036,hotels/162.json,
Bataw,25.2283,92.2458,hotels/163.json,
Beed,18.9901,75.7531,hotels/164.json,
Bekal,12.4204,75.0231,hotels/165.json,
Begusarai,25.4182,86.1272,hotels/166.json,
Belakavadi,12.2551,77.1226,hotels/167.json,
Belgaum,15.8497,74.4977,hotels/168.json,
Bellary,15.1394,76.9214,hotels/169.json,
Belluru,13.1623,75.8679,hotels/170.json,
Belthangady,12.9887,75.2725,hotels/171.json,
Belur,13.1623,75.8679,hotels/172.json,
Bengaluru,12.9716,77.5946,hotels/173.json,
Bera,3.2705,102.4539,hotels/174.json,
Bhadrachalam,17.6705,80.8938,hotels/175.json,
Betul,21.9012,77.896,hotels/176.json,
Beypore,11.1736,75.804,hotels/177.json,
Bhabhua,25.0426,83.6056,hotels/178.json,
Bhadrak,21.0574,86.4963,hotels/179.json,
Bhagalpur,25.2372,86.9746,hotels/180.json,
Bhadravati,20.1003,79.1146,hotels/181.json,
Bhagsu Nag,32.2465,76.3326,hotels/182.json,
Bhagani,30.4924,77.7395,hotels/183.json,
Bhagdara,22.327,75.7255,hotels/184.json,
Bhandara,21.1777,79.657,hotels/185.json,
Bhalukpong,27.0137,92.6345,hotels/186.json,
Bhairapur,16.4384,76.5806,hotels/187.json,
Bhalki,18.0504,77.2184,hotels/188.json,
Bhandardara,19.5375,73.7695,hotels/189.json,
Bharatpur,27.2152,77.503,hotels/190.json,
Bharmour,32.4428,76.5329,hotels/191.json,
Bharuch,21.7051,72.9959,hotels/192.json,
Bhatkal,13.9993,74.5408,hotels/193.json,
Bhavani,11.4471,77.684,hotels/194.json,
Bhavnagar,21.7645,72.1519,hotels/195.json,
Bhawanipatna,19.9074,83.1642,hotels/196.json,
Bhilai,21.1938,81.3509,hotels/197.json,
Bhilwara,25.3407,74.6313,hotels/198.json,
Bhildi,,,,
Bhimashankar,,,,
Bhimavaram,,,,
Bhimtal,,,,
Bhinar,,,,
Bhind,,,,
Bhitarkanika National Park,,,,
Bhiwadi,,,,
Bhiwandi,,,,
Bhiwani,,,,
Bhojpur,,,,
Bhopal,,,,
Bhowali,,,,
Bhubaneswar,,,,
Bhuj,,,,
Bhuvanagiri,,,,
Bhuntar,,,,
Bhusawal,,,,
Bidar,,,,
Bidadi,,,,
Bidarakatte,,,,
Bijapur,,,,
Bijolia,,,,
Bikaner,,,,
Bilaspur,,,,
Bikkavolu,,,,
Bilimora,,,,
Binsar,,,,
Birpara,,,,
Bir,,,,
Bishnupur,,,,
Bodh Gaya,,,,
Blathykavala,,,,
Bokakhat,,,,
Boisar,,,,
Bokaro Steel City,,,,
Bolpur,,,,
Bomdila,,,,
Bongaigaon,,,,
Bordi,,,,
Borsad,,,,
Brahmadesam,,,,
Borid,,,,
Brahmapur,,,,
Budhauli,,,,
Budaun,,,,
Buldana,,,,
Bulandshahr,,,,
Bundi,,,,
Burhanpur,,,,
Burdwan,,,,
Burwa,,,,
Buxar,,,,
Byndoor,,,,
Canning,,,,
Chaibasa,,,,
Chakrata,,,,
Chalakudy,,,,
Chamarajanagar,,,,
Chamba,,,,
Chamoli,,,,
Champaner,,,,
Champawat,,,,
Champhai,,,,
Chandannagar,,,,
Chamrajnagar,,,,
Chandauli,,,,
Chanderi,,,,
Chandigarh,,,,
Panchkula,,,,
Zirakpur,,,,
Ramgarh,,,,
Chandipur,,,,
Chandrapur,,,,
Chandragutti,,,,
Changanacherry,,,,
Changlang,,,,
Channapatna,,,,
Channarayapatna,,,,
Chapagaon,,,,
Chatra,,,,
Chaukori,,,,
Chelamattom part,,,,
Chendamangalam,,,,
Chengalpattu,,,,
Chengannur,,,,
Chennai,,,,
Vypin Island,,,,
Sohra,,,,
Cherthala,,,,
Cheyyar,,,,
Cheruthuruthi,,,,
Chettikulam,,,,
Chhatarpur,,,,
Chhachhrauli,,,,
Chhindwara,,,,
Chhatikara,,,,
Chidambaram,,,,
Chikhaldara,,,,
Chikkaballapur,,,,
Chikka Madhure,,,,
Chikmagalur,,,,
Halebid,,,,
Chinchoti,,,,
Chinnamanur,,,,
Chiplun,,,,
Chindi,,,,
Chinsurah,,,,
Chintamani,,,,
Chintpurni,,,,
Chirala,,,,
Chitkul,,,,
Chitradurga,,,,
Chitrakoot,,,,
Chittaurgarh,,,,
Chittoor,,,,
Chittorgarh,,,,
Chowara,,,,
Chopta,,,,
Chorla,,,,
Chorwad,,,,
Chundale,,,,
Chumathang,,,,
Churu,,,,
Chuntang,,,,
Churachandpur,,,,
Coimbatore,,,,
Cola,,,,
Cooch Behar,,,,
Contai,,,,
Coonoor,,,,
Courtallam,,,,
Covelong,,,,
Cuddalore,,,,
Cumbum,,,,
Cuttack,,,,
Maina,,,,
Dabaspete,,,,
Dabguli,,,,
Dabhoi,,,,
Dahanu,,,,
Dahod,,,,
Dakor,,,,
Dahej,,,,
Dalhousie,,,,
Daman,,,,
Daltonganj,,,,
Dandeli,,,,
Damoy,,,,
Danapur,,,,
Dapoli,,,,
Dandi,,,,
Dantewada,,,,
Darbhanga,,,,
Upper Subansiri District,,,,
Darjeeling,,,,
Darima,,,,
Datia,,,,
Dasanapura,,,,
Daulatabad,,,,
Dausa,,,,
Davanagere,,,,
Davangere,,,,
Dawki,,,,
Deeg,,,,
Dehgam,,,,
Deesa,,,,
Dehradun,,,,
Denkanikottai,,,,
Delwara,,,,
Deoghar,,,,
Deogarh,,,,
Deshnoke,,,,
Deoria,,,,
Deo,,,,
Devanhalli,,,,
Devadhanapatti,,,,
Devarayanadurga,,,,
Devikulam,,,,
Devipattinam,,,,
Devprayag,,,,
Dewas,,,,
Dhamtari,,,,
Dhali,,,,
Dhanaulti,,,,
Dhanbad,,,,
Dhankhar,,,,
Dharamkot,,,,
 Dharamshala ,,,,
McLeod Ganj,,,,
Tapovan,,,,
Jwalamukhi,,,,
Kangra,,,,
Khaniyara,,,,
Dharapuram,,,,
Dharchula,,,,
Dharmapuri,,,,
Dhari,,,,
Dharmasthala,,,,
Dhar,,,,
Dharuhera,,,,
Dhaulas,,,,
Dhaula Kuan,,,,
Dhenkanal,,,,
Dhemaji,,,,
Dholpur,,,,
Dhikuli,,,,
Dhubri,,,,
Dhule,,,,
Dibrugarh,,,,
Digboi,,,,
Digha,,,,
North Andaman Island,,,,
Dimapur,,,,
Dindigul,,,,
Dirang,,,,
Dindori,,,,
Diphu,,,,
Diskit,,,,
Dispur,,,,
Diu,,,,
Diveagar,,,,
Doddaballapur,,,,
Doda,,,,
Dombivli,,,,
Draksharama,,,,
Dongargarh,,,,
Dudhwa National Park,,,,
Dubrajpur,,,,
Duhka,,,,
Dumka,,,,
Dungarpur,,,,
Durgapur,,,,
Durg,,,,
Dwaraka Tirumala,,,,
Dwarka,,,,
Ellora,,,,
Dyathapura,,,,
Egatoor,,,,
Eluru,,,,
Erimayur-II,,,,
Erode,,,,
Eppodumvenran,,,,
Fagu,,,,
Ezhome,,,,
Faizabad,,,,
Etawah,,,,
Faridabad,,,,
Falna,,,,
Farakka,,,,
Faridkot,,,,
Fatehpur Sikri,,,,
Farsaheya,,,,
Fatehgarh,,,,
Fatehpur,,,,
Fazilka,,,,
Ferozpur Jhirka,,,,
Firozabad,,,,
Firozpur,,,,
Gadag,,,,
Gadwal,,,,
Gajner,,,,
Gandhidham,,,,
Ganagapur,,,,
Gandhinagar,,,,
Galajwari,,,,
Gandikota,,,,
Ganeshgudi,,,,
Gangolihat,,,,
Gangotri,,,,
Sagar Island,,,,
Gangtok,,,,
Tadong,,,,
Ganjam,,,,
Ganpatipule,,,,
Malgund,,,,
Garbeta,,,,
Garhwal,,,,
Garh Siliyara,,,,
Garjiya,,,,
Gaya,,,,
Garoi,,,,
Garhwa,,,,
Geyzing,,,,
Ghatgan,,,,
Ghatshila,,,,
Ghanerao,,,,
Ghagra,,,,
Ghaziabad,,,,
Gingee,,,,
Ghazipur,,,,
Gholu Majra,,,,
Sasan Gir,,,,
Gir National Park,,,,
Giridih,,,,
Gobichettipalayam,,,,
Gokak,,,,
Godda,,,,
Gokarna,,,,
Golaghat,,,,
Gondal,,,,
Gondia,,,,
Gopalpur On Sea,,,,
Gopalpur,,,,
Gopeshwar,,,,
Gorakhpur,,,,
Gorumara National Park,,,,
Gorubathan,,,,
Gosaba,,,,
Gotagodi,,,,
Govardhan,,,,
Greater Noida,,,,
Great Nicobar Island,,,,
Gudalur,,,,
Gubbi,,,,
Guhagar,,,,
Gudur,,,,
Gulbarga,,,,
Gulmarg,,,,
Guna,,,,
Guntur,,,,
Gumla,,,,
Guptkashi,,,,
Gurdaspur,,,,
Gurugram (Gurgaon),,,,
New Delhi,,,,
Guruvayur,,,,
Guwahati,,,,
Gwalior,,,,
Gwaldam,,,,
Gyaraspur,,,,
Haddo,,,,
Haflong,,,,
Haldia,,,,
Habra,,,,
Hajipur,,,,
Hajo,,,,
Haldwani,,,,
Hamirpur,,,,
Hampi,,,,
Halol,,,,
Hanle,,,,
Hansi,,,,
Hanumangarh,,,,
Haorang Sabal,,,,
Hanumanthapuram,,,,
Haridwar,,,,
Hardoi,,,,
Shivpuri,,,,
Harihar,,,,
Harigar,,,,
Harnai,,,,
Haroa,,,,
Haripurdhar,,,,
Hassan,,,,
Hastinapur,,,,
Hatgad,,,,
Havelock Island,,,,
Hatkoti,,,,
Haveri,,,,
Hazaribagh,,,,
Hazira,,,,
Hemis,,,,
Himmatnagar,,,,
Hiala,,,,
Hingoli,,,,
Hingolgadh Village,,,,
Hinjewadi,,,,
Hisar,,,,
Hogenakkal,,,,
Honnavar,,,,
Hooghly,,,,
Horanadu,,,,
Hoovina Hadagalli Taluk,,,,
Hosadurga,,,,
Hoshangabad,,,,
Hoshiarpur,,,,
Hospet,,,,
Hosur,,,,
Howrah,,,,
Hubli-Dharwad,,,,
Hunder,,,,
Hundur,,,,
Hunsur,,,,
Huzurnagar,,,,
Hyderabad,,,,
Idagunji,,,,
Kumily,,,,
Idar,,,,
Anachal,,,,
Idukki,,,,
Munnar,,,,
Nedumkandam,,,,
Igatpuri,,,,
Imphal,,,,
Indore,,,,
Indapur,,,,
Itanagar,,,,
Injole,,,,
Irikkur,,,,
Jabalpur,,,,
Itarsi,,,,
Jadupur,,,,
Jagdalpur,,,,
Jagadhri,,,,
Jageshwar,,,,
Jaggaiahpet,,,,
Jaipur,,,,
Jaigaon,,,,
Jagraon,,,,
Amer,,,,
Jaisalmer,,,,
Jajpur,,,,
Jalandhar,,,,
Jakrem,,,,
Jalgaon,,,,
Jalasangvi,,,,
Jalna,,,,
Jalore,,,,
Jalpaiguri,,,,
Jambughoda,,,,
Jambusar,,,,
Jammu City,,,,
Jamnagar,,,,
Jamshedpur,,,,
Janakpuri,,,,
Jamui,,,,
Janjgir,,,,
Jamtara,,,,
Jashpur,,,,
Jariput,,,,
Jaunpur,,,,
Jawhar,,,,
Jawahar,,,,
Jejuri,,,,
Jetpur,,,,
Jeypore,,,,
Jhajjar,,,,
Jhalawar,,,,
Jhansi,,,,
Jhalrapatan,,,,
Jharsuguda,,,,
Jhargram,,,,
Jhunjhunu,,,,
Jim Corbett National Park,,,,
Jibhi,,,,
Ramnagar,,,,
Jodhpur,,,,
Joginder Nagar,,,,
Jolaibari,,,,
Jorhat,,,,
Jowai,,,,
Junagadh,,,,
Jubbal,,,,
Junnar,,,,
Kadapa,,,,
Kadi,,,,
Kadayam,,,,
Kadiri,,,,
Kakinada,,,,
Kailashahar,,,,
Kaikaluru,,,,
Kaipadar,,,,
Kakkabe,,,,
Kaladhungi,,,,
Kalady,,,,
Kalasa,,,,
Kaleshwaram,,,,
Kalimpong,,,,
Kallar,,,,
Kalka,,,,
Kalna,,,,
Kalpa,,,,
Kalpetta,,,,
Kalsi,,,,
Kalyan,,,,
Kalyani,,,,
Kamargaon,,,,
Kamarpukur,,,,
Kammasandra,,,,
Kamavarapukota,,,,
Kamshet,,,,
Kamod,,,,
Kanakapura,,,,
Kanadukathan,,,,
Kanchipuram,,,,
Chail,,,,
Kanger Valley National Park,,,,
Kangar Dharyar,,,,
Kandla,,,,
Kanha National Park,,,,
Kanhangad,,,,
Kanipakam,,,,
Kanjirappally,,,,
Kannan Devan Hills,,,,
Kanker,,,,
Kannad,,,,
Kannauj,,,,
Kannur,,,,
Thottada,,,,
Kanoi,,,,
Kanpur,,,,
Kanyakumari,,,,
Kanthalloor,,,,
Kantilo,,,,
Kapurthala,,,,
Karad,,,,
Karaikal,,,,
Karaikudi,,,,
Karauli,,,,
Kargil,,,,
Lamayuru,,,,
Karimnagar,,,,
Karjat Town,,,,
Neral,,,,
Karkala,,,,
Karnala,,,,
Karnal,,,,
Karsha,,,,
Karsog,,,,
Karur,,,,
Karuvarakundu,,,,
Karwar,,,,
Kasaragod,,,,
Dharampur,,,,
Kasarkod,,,,
Kasauli,,,,
Kashid,,,,
Kashipur,,,,
Kasol,,,,
Kas,,,,
Kathua,,,,
Katni,,,,
Katra,,,,
Katoya,,,,
Kausani,,,,
Kattoor,,,,
Kaushambi,,,,
Kavaratti Island,,,,
Kawardha,,,,
Kavi,,,,
Kayamkulam,,,,
Kayavarohan,,,,
Kaza,,,,
Kaziranga National Park,,,,
Kedarnath,,,,
Kemmannagundi,,,,
Kelwa,,,,
Keonjhar,,,,
Ketkawale,,,,
Kesariya,,,,
Kevadia,,,,
Keylong,,,,
Khajjiar,,,,
Khairabad,,,,
Khajuraho,,,,
Khammam,,,,
Khalapur,,,,
Khandwa,,,,
Kharagpur,,,,
Khanvel,,,,
Khargone,,,,
Khatkar Kalan,,,,
Kheda,,,,
Khichan,,,,
Khed,,,,
Khetri,,,,
Khonoma,,,,
Khodala,,,,
Khopoli,,,,
Khonsa,,,,
Khubi,,,,
Khordha,,,,
Khuldabad,,,,
Khurda,,,,
Khunti,,,,
Kishangarh,,,,
Khurja,,,,
Kidanganad,,,,
Kiriburu,,,,
Kochi (Cochin),,,,
Aluva,,,,
Ernakulam District,,,,
Fort Kochi,,,,
Maradu,,,,
Nedumbassery,,,,
Paravoor,,,,
Vaikom,,,,
Ernakulam District,,,,
Tripunithura,,,,
Perumbavoor,,,,
Angamaly,,,,
Kaloor,,,,
Kakkanad,,,,
Thrikkakara,,,,
Kodaikanal,,,,
Kodagurki,,,,
Kodanad,,,,
Koderma,,,,
Kodungallur,,,,
Kohima,,,,
Kohka,,,,
Koilwar,,,,
Kokrajhar,,,,
Kolad,,,,
Kohri,,,,
Kolar,,,,
Kolagappara,,,,
Kolaghat,,,,
Kolhapur,,,,
Kolasib,,,,
Sangli,,,,
Kollam,,,,
Kollengode,,,,
Kollur,,,,
Konark,,,,
Kondapalle,,,,
Konni,,,,
Koonthakulam,,,,
Kopargaon,,,,
Koppal,,,,
Koraput,,,,
Koppa,,,,
Korba,,,,
Kotagiri,,,,
Koriya,,,,
Kota,,,,
Kotdwara,,,,
Kothamangalam,,,,
Kotgarh,,,,
Kottagudi,,,,
Kotkhai,,,,
Kottarakkara,,,,
Kottayam,,,,
Kumarakom,,,,
Manarcaud,,,,
Kovalam,,,,
Koynanagar,,,,
Kovilpatti,,,,
Kozhikode,,,,
Krishnagiri,,,,
Krishnanagar,,,,
Kuchaman,,,,
Kudal,,,,
Kuduremukha,,,,
Kudli,,,,
Kudrasthe,,,,
Kufri,,,,
Kullu,,,,
Kulasekharam,,,,
Kulithalai,,,,
Kumaon,,,,
Kumbakonam,,,,
Thanjavur,,,,
Kumbhalgarh,,,,
Kumta,,,,
Kundapur,,,,
Kunkeshwar,,,,
Kupup,,,,
Kupwara,,,,
Kurnool,,,,
Kuravilangad,,,,
Kurseong,,,,
Kurukshetra,,,,
Kuruppampady,,,,
Kushalnagar,,,,
Kushinagar,,,,
Kutch,,,,
Kuthar,,,,
Kuttanad,,,,
Kuttikkanam,,,,
Lachen,,,,
Labpur,,,,
Lachung,,,,
Laitmawsiang,,,,
Lakhpat,,,,
Ladnun,,,,
Lakhimpur,,,,
Lalitpur,,,,
Lakkundi,,,,
Lansdowne,,,,
Lataguri,,,,
Latur,,,,
Latehar,,,,
Lavasa,,,,
Lava,,,,
Leh,,,,
Lawngtlai,,,,
Chimre,,,,
Lepakshi,,,,
Loleygaon,,,,
Lonar,,,,
Khandala,,,,
Lonavala,,,,
Pune,,,,
Long Island,,,,
Lucknow,,,,
Ludhiana,,,,
Lumding,,,,
Lunglei,,,,
Machavaram,,,,
Machilipatnam,,,,
Madduru,,,,
Madhubani,,,,
Madhugiri,,,,
Bhagamandala,,,,
Madikeri,,,,
Madurai,,,,
Madla,,,,
Magadi,,,,
Madurantakam,,,,
Mahabaleshwar,,,,
Nakinda,,,,
Panchgani,,,,
Mahabalipuram,,,,
Mahad,,,,
Mahasamund,,,,
Mahbubnagar,,,,
Mahendragarh,,,,
Maheshwar,,,,
Mahuva,,,,
Mahul Pali,,,,
Maihar,,,,
Mailam,,,,
Mailani,,,,
Majuli,,,,
Malappuram,,,,
Malayattoor,,,,
Malda,,,,
Malbazar,,,,
Malpe,,,,
Malvan,,,,
Manali,,,,
Mamidada,,,,
Naggar,,,,
Vashisht,,,,
Manikaran,,,,
Mananthavady,,,,
Manas National Park,,,,
Mandapeta,,,,
Mandawa,,,,
Mandarthi,,,,
Mandi,,,,
Mandla,,,,
Mandore,,,,
Mandsaur,,,,
Mandu,,,,
Mandvi,,,,
Mysuru (Mysore),,,,
Srirangapatna,,,,
Mandya,,,,
Mangalagiri,,,,
Mangaldai,,,,
Mangalore,,,,
Mangan,,,,
Mangar,,,,
Manipal,,,,
Mannargudi,,,,
Manjakuppam,,,,
Mannady,,,,
Mannarkkad,,,,
Mansar,,,,
Mantralayam,,,,
Mansa,,,,
Mappedu,,,,
Mararikulam,,,,
Marayur,,,,
Maravanthe,,,,
Marthandam,,,,
Mashobra,,,,
Marigaon,,,,
Masinagudi,,,,
Matheran,,,,
Mathura,,,,
Vrindavan,,,,
Mavelikara,,,,
Mawlynnong,,,,
Mawphlang,,,,
Mayapur,,,,
Mayiladuthurai,,,,
Medak,,,,
Maynaguri,,,,
Mazbat,,,,
Mecheri,,,,
Medicherlapalem,,,,
Meerut,,,,
Mehsana,,,,
Mehkar,,,,
Melmaruvathur,,,,
Melukote,,,,
Mhaismal,,,,
Menar,,,,
Meppadi,,,,
Mhow,,,,
Midnapore,,,,
Mira Bhayandar,,,,
Mirik,,,,
Mirzapur,,,,
Modhera,,,,
Mishrikh Neemsar,,,,
Moga,,,,
Mohali,,,,
Mogra,,,,
Mokokchung,,,,
Mollem National Park,,,,
Mon,,,,
Moodabidri,,,,
Moradabad,,,,
Morbi,,,,
Morena,,,,
Morni Hills,,,,
Mount Abu,,,,
Mudigere,,,,
Mudumalai,,,,
Mukteshwar,,,,
Muktsar,,,,
Mukutmanipur,,,,
Mulbagal,,,,
Mulshi,,,,
Mulki,,,,
Mumbai,,,,
Chinnakanal,,,,
Pallivasal,,,,
Munsiyari,,,,
Murdeshwar,,,,
Murshidabad,,,,
Murthal,,,,
Murud,,,,
Mussoorie,,,,
Muttukadu,,,,
Muvattupuzha,,,,
Muzaffarnagar,,,,
Muzaffarpur,,,,
Nadiad,,,,
Nadia,,,,
Nagaon,,,,
Nagapattinam,,,,
Thiruvarur,,,,
Vaitheeswarankovil,,,,
Velankanni,,,,
Nagarhole National Park,,,,
Nagarjuna Sagar,,,,
Nagaur,,,,
Nagercoil,,,,
Nagothane,,,,
Nagpur,,,,
Nagrota,,,,
Nagrasu,,,,
Nahan,,,,
Nainital,,,,
Nalanda,,,,
Nalbari,,,,
Naldurg,,,,
Nalgonda,,,,
Nalsarovar,,,,
Namakkal,,,,
Namchi,,,,
Nambol,,,,
Nameri National Park,,,,
Namdapha National Park,,,,
Namsai,,,,
Nandalur,,,,
Nanded,,,,
Nandurbar,,,,
Nanguneri,,,,
Nanjangud,,,,
Narasaraopet,,,,
Narendranagar,,,,
Narkanda,,,,
Nargol,,,,
Narmada,,,,
Narlai,,,,
Narnaul,,,,
Narsinghpur,,,,
Narsapur,,,,
Nashik,,,,
Nathdwara,,,,
Naukuchiatal,,,,
Nattarasankottai,,,,
Navi Mumbai,,,,
Navadvipa,,,,
Navsari,,,,
Nawalgarh,,,,
Nawada,,,,
Nawanshahr,,,,
Naya Raipur,,,,
Nayagrh,,,,
Nazira,,,,
Neelavara,,,,
Neemuch,,,,
Neil Island,,,,
Nelliyampathy,,,,
Nelamangala,,,,
Nellore,,,,
Netarhat,,,,
